唛头,快递单号,品名,件数,实际计算重量,实际收款泰铢,发货日期,快递状态
KZ-BKK-A,FLASHMRHW9ZZ9RT,充电线,12,7.89,490.8,2026-08-12,运输中
KZ-BKK-A,FLASH7TF3RG3JU4SOHI,运动护具,1,2.51,125.55,2026-08-12,已发运
KZ-BKK-A,JTA4G8H0UGALFWDM,鞋靴,13,11.06,499.44,2026-08-12,清关中
KZ-BKK-A,FLASHCRSSVC7UOWJ2U,家居收纳,22,13.45,755.06,2026-08-12,已发运
KZ-BKK-A,KY610LTVL3XM62,日用百货,2,2.65,169.19,2026-08-19,派送中
KZ-BKK-A,SPXCGIIC0FLL74ERV,运动护具,19,22.97,1228.59,2026-08-19,清关中
KZ-BKK-A,SFWYUV7I4FI2YR0,手机壳,16,13.61,487.85,2026-08-19,派送中
KZ-BKK-A,SFIU2GQHTL0C5AT,鞋靴,7,12.93,624.49,2026-08-19,已签收
SH-LAZADA-09,JTHGMO9RXEU4H3W,鞋靴,14,20.57,869.89,2026-08-14,已揽收
SH-LAZADA-09,SF2LBB2YRRZY96E,充电线,19,15.23,602.36,2026-08-14,派送中
SH-LAZADA-09,JTVCBVAXX3X1F2NK,手机壳,14,29.93,1692,2026-08-14,运输中
SH-LAZADA-09,THP4ECNWMEQ16XZ0M,化妆品,15,18.42,548.68,2026-08-14,清关中
SH-LAZADA-09,FLASHAB0P3IOUNVVDK9,家居收纳,8,16.61,583.61,2026-08-14,运输中
SH-LAZADA-09,BESTAA9QO967DTAV20,运动护具,18,18.58,740.72,2026-08-14,已揽收
SH-LAZADA-09,SPX0HFT2FDDMGNDVT,童装,11,11.28,582.03,2026-08-13,已揽收
SH-LAZADA-09,BESTK5TXO7P4Z9K,服装,19,35.95,1585.56,2026-08-13,已揽收
SH-LAZADA-09,SPXDENH9IVS7T9,运动护具,17,7.52,326.7,2026-08-13,已揽收
SH-LAZADA-09,SPXI24VYJPNP1GD,手机壳,7,11.53,681.75,2026-08-13,已发运
SH-LAZADA-09,FLASHG1M16OZ66U,鞋靴,2,1.14,35.05,2026-08-13,已揽收
SH-LAZADA-09,FLASHH8QDONNQZR3H,鞋靴,15,7.01,281.58,2026-08-13,已签收
SH-LAZADA-09,FLASH05VQJQEAVLOXJS,手机壳,19,38.58,1576.12,2026-08-16,已揽收
SH-LAZADA-09,FLASHBGLBYPBYULBDUG,鞋靴,15,19.06,622.09,2026-08-16,清关中
SH-LAZADA-09,SFMR355XPCFTIXQO,家居收纳,9,4.06,243.38,2026-08-16,已发运
SH-LAZADA-09,FLASH45E001QWCEFX,运动护具,2,4,172.13,2026-08-16,已揽收
SH-LAZADA-09,SPX7BTISQ87P4N,运动护具,21,11.82,618.49,2026-08-16,已签收
GZ-SHOPEE-B,FLASH5W5CH4LZ4EAA,服装,23,47.17,1907.6,2026-08-18,运输中
GZ-SHOPEE-B,KYBDWRQ3WFMFZ42,服装,6,8.17,273.67,2026-08-18,派送中
GZ-SHOPEE-B,THP1PE5M2Z8HXZUKX,家居收纳,17,14.66,578.99,2026-08-18,已揽收
GZ-SHOPEE-B,SPXJOIIGZAJZS,箱包配件,18,24.58,688.52,2026-08-18,派送中
GZ-SHOPEE-B,BESTR7DYVLDGXZN8B,日用百货,13,28.5,1273.44,2026-08-18,清关中
GZ-SHOPEE-B,FLASH5PB24SN13MGR,日用百货,13,26.14,769.98,2026-08-18,运输中
GZ-SHOPEE-B,JTH61E2SUZCD5GG,鞋靴,23,18.32,1093.72,2026-08-12,派送中
GZ-SHOPEE-B,JT4CD40UM2IAWX68,充电线,12,17.71,521.01,2026-08-12,已揽收
GZ-SHOPEE-B,BEST5LMIYRGTASQ6,手机壳,6,8.53,303.38,2026-08-12,清关中
YW-TIKTOK-03,JT3O6THIV3DK,服装,2,4.01,265.07,2026-08-12,已发运
YW-TIKTOK-03,KY2QULMU8SWX11,家居收纳,13,9.75,338.08,2026-08-12,清关中
YW-TIKTOK-03,THPHQ5IDS7CRD,日用百货,1,3.09,131.98,2026-08-12,运输中
YW-TIKTOK-03,THPN42HE2UK8JU,化妆品,6,9.02,427.83,2026-08-13,运输中
YW-TIKTOK-03,SPX0DQZOU2LTCCF0,充电线,9,7.17,456.41,2026-08-13,已揽收
YW-TIKTOK-03,JT3BOI7ZSTY5,充电线,10,9.54,553.56,2026-08-13,已签收
YW-TIKTOK-03,KYWSCNBQNQV070VC,化妆品,9,18.01,521.33,2026-08-13,派送中
YW-TIKTOK-03,BEST6KQYA48Y2CXN,服装,8,11.78,472.16,2026-08-13,清关中
YW-TIKTOK-03,KYGMLN4C6OMCX,日用百货,1,1.59,48.08,2026-08-14,已揽收
YW-TIKTOK-03,SF1IG1OM19X9MS,家居收纳,9,19.56,954.47,2026-08-14,已签收
YW-TIKTOK-03,THP38VSXY1ETGR,服装,18,10.54,698.7,2026-08-14,已揽收
YW-TIKTOK-03,JT2B0AVKTV917U,家居收纳,4,5.72,255.26,2026-08-14,已发运
DG-WH-088,THPV6U4WBGUW3I,化妆品,14,22.44,1424.59,2026-08-15,已签收
DG-WH-088,JTYH0LO655IJ,家居收纳,10,13.58,472.52,2026-08-15,运输中
DG-WH-088,FLASHMY8GISY5XP48ZJ,鞋靴,4,7.15,254.11,2026-08-15,已发运
DG-WH-088,THPE7ZXKLKKXAYYS,童装,3,6.82,339.11,2026-08-15,已揽收
DG-WH-088,FLASH3GFPP5RYDIEF,日用百货,18,26.89,1223.56,2026-08-15,清关中
DG-WH-088,FLASH40O8EXHQ5NUPPK,运动护具,6,3.73,177.34,2026-08-15,已揽收
DG-WH-088,KY9P55U61C9O64,手机壳,9,8.73,339.63,2026-08-13,已签收
DG-WH-088,BESTEXDICGA52X5GXJ,家居收纳,8,15.72,828.67,2026-08-13,已发运
DG-WH-088,KYFZQ65GGY4UPU,化妆品,5,11.47,703.45,2026-08-13,运输中
NB-FLASH-12,THPMW58MMQOSXM2,箱包配件,11,4.49,303.17,2026-08-13,已发运
NB-FLASH-12,THPBAE818B9RLGRH,鞋靴,19,16.7,809.65,2026-08-13,已揽收
NB-FLASH-12,KY7QOUW25ZZX0J6I,手机壳,13,17.44,739.48,2026-08-13,清关中
NB-FLASH-12,KYE5YGU9P8SRU8YW,童装,19,10.29,598.93,2026-08-13,运输中
NB-FLASH-12,KYTDF70UFYJIE,充电线,11,11.49,398.44,2026-08-13,已揽收
NB-FLASH-12,THPDEWHCSHIBC,日用百货,22,33.34,1197.27,2026-08-13,已揽收
NB-FLASH-12,THP8F3WON9MQS46KM,服装,20,38.04,1573.9,2026-08-14,派送中
NB-FLASH-12,JTDMR4DO7S52JWS,童装,23,29.03,1298.35,2026-08-14,运输中
NB-FLASH-12,JTBKRSP8X6DK,充电线,9,11.26,691.07,2026-08-14,运输中
NB-FLASH-12,KYMNK8TKNY5S,日用百货,19,38.06,1384.98,2026-08-14,已揽收
NB-FLASH-12,JT8KSRFVEJHQUE,日用百货,13,12.35,584.99,2026-08-14,已揽收
NB-FLASH-12,SFRFNAGV2QEM,化妆品,14,28.52,1567.64,2026-08-14,已揽收
